,Order Date,Sales count,Sales sum
0,2011-01-01,0.044444444444444446,0.0204512419171405
1,2011-01-02,0.1259259259259259,0.062112044749344716
2,2011-01-03,0.3925925925925926,0.3178299359178585
3,2011-01-04,0.18518518518518517,0.06532760969130717
4,2011-01-06,0.2962962962962963,0.29037976451515285
5,2011-01-07,0.08148148148148149,0.09724411077947637
6,2011-01-08,0.2962962962962963,0.17121354967147517
7,2011-01-09,0.2,0.18339968108159896
8,2011-01-10,0.07407407407407407,0.04108158886155075
9,2011-01-11,0.562962962962963,0.4721633001427657
10,2011-01-12,0.3333333333333333,0.3570993034928152
11,2011-01-13,0.08148148148148149,0.06537298590565206
12,2011-01-14,0.1925925925925926,0.15885336228642702
13,2011-01-15,0.0962962962962963,0.0576568947108938
14,2011-01-16,0.007407407407407408,0.003792733188972557
15,2011-01-17,0.08888888888888889,0.05841565988296475
16,2011-01-18,0.037037037037037035,0.023592672141017738
17,2011-01-19,0.08148148148148149,0.051969954976880374
18,2011-01-20,0.11851851851851852,0.0579025029560302
19,2011-01-21,0.2222222222222222,0.21462285688443164
20,2011-01-22,0.1111111111111111,0.09014853805121856
21,2011-01-23,0.05185185185185185,0.05472032519519107
22,2011-01-24,0.15555555555555556,0.10077822736933394
23,2011-01-25,0.08148148148148149,0.03014007541253656
24,2011-01-26,0.22962962962962963,0.1371574841969872
25,2011-01-27,0.15555555555555556,0.05477015050435384
26,2011-01-28,0.05185185185185185,0.030557415176578222
27,2011-01-29,0.02962962962962963,0.023015402720731507
28,2011-01-30,0.06666666666666667,0.011505602014886027
29,2011-01-31,0.14814814814814814,0.1933063406405057
30,2011-02-01,0.007407407407407408,0.007947666706495212
31,2011-02-02,0.2,0.1950791822528314
32,2011-02-03,0.0962962962962963,0.10492611669750598
33,2011-02-04,0.17777777777777778,0.22566835825011913
34,2011-02-05,0.17777777777777778,0.23460076974651944
35,2011-02-06,0.32592592592592595,0.3165861875410574
36,2011-02-07,0.05185185185185185,0.009837962904413614
37,2011-02-08,0.24444444444444444,0.1351803079775229
38,2011-02-09,0.4444444444444444,0.3633169476467753
39,2011-02-10,0.05185185185185185,0.015129047019571865
40,2011-02-11,0.35555555555555557,0.21982446335417943
41,2011-02-12,0.25925925925925924,0.1844940471161923
42,2011-02-13,0.007407407407407408,0.0032772047604454576
43,2011-02-14,0.16296296296296298,0.1164477597353226
44,2011-02-15,0.16296296296296298,0.261707467994087
45,2011-02-16,0.14814814814814814,0.23607795775267038
46,2011-02-17,0.07407407407407407,0.01595960879531665
47,2011-02-18,0.11851851851851852,0.05820306346609729
48,2011-02-19,0.022222222222222223,0.003949147073871565
49,2011-02-21,0.15555555555555556,0.11345679946637163
50,2011-02-22,0.14814814814814814,0.06692976439880359
51,2011-02-23,0.08148148148148149,0.11012650402927629
52,2011-02-24,0.15555555555555556,0.14843246526999657
53,2011-02-25,0.0962962962962963,0.08583331115952363
54,2011-02-26,0.14814814814814814,0.10387108683267245
55,2011-02-27,0.007407407407407408,0.015807312662756184
56,2011-02-28,0.07407407407407407,0.06116726340351151
57,2011-03-01,0.14814814814814814,0.11390940317580889
58,2011-03-02,0.05185185185185185,0.009273643663472187
59,2011-03-03,0.2518518518518518,0.23977906083478268
60,2011-03-04,0.05185185185185185,0.022239403692804343
61,2011-03-05,0.2518518518518518,0.13302499850010613
62,2011-03-06,0.3333333333333333,0.28706310976501187
63,2011-03-08,0.34814814814814815,0.2698285305198798
64,2011-03-09,0.05925925925925926,0.020577126765966885
65,2011-03-10,0.2740740740740741,0.21910391436370152
66,2011-03-11,0.4148148148148148,0.4875309400525068
67,2011-03-12,0.23703703703703705,0.22797411744780693
68,2011-03-14,0.17037037037037037,0.16762717202583197
69,2011-03-15,0.11851851851851852,0.04615079694695474
70,2011-03-16,0.06666666666666667,0.029362558785467428
71,2011-03-17,0.18518518518518517,0.11670370283061579
72,2011-03-18,0.16296296296296298,0.7617727045225363
73,2011-03-19,0.05925925925925926,0.024571498294269144
74,2011-03-21,0.3037037037037037,0.2701812645708487
75,2011-03-22,0.11851851851851852,0.09813294330360894
76,2011-03-23,0.16296296296296298,0.12824631150057875
77,2011-03-24,0.08148148148148149,0.03448450647625317
78,2011-03-25,0.17777777777777778,0.08263760501406661
79,2011-03-26,0.05925925925925926,0.021662336619070372
80,2011-03-27,0.014814814814814815,0.0007540950136447338
81,2011-03-28,0.1925925925925926,0.10778738901418074
82,2011-03-29,0.0962962962962963,0.07462485708010079
83,2011-03-30,0.23703703703703705,0.14570248298442548
84,2011-03-31,0.2074074074074074,0.19597455815859777
85,2011-04-01,0.11851851851851852,0.07104565110213612
86,2011-04-02,0.08888888888888889,0.0472171126907407
87,2011-04-03,0.05185185185185185,0.03144144197009459
88,2011-04-04,0.24444444444444444,0.14475871033615526
89,2011-04-05,0.1925925925925926,0.19002002269721274
90,2011-04-06,0.1037037037037037,0.04866644516464078
91,2011-04-07,0.0962962962962963,0.050142257214236326
92,2011-04-08,0.3333333333333333,0.3445810404518073
93,2011-04-10,0.26666666666666666,0.20691745262283118
94,2011-04-11,0.4444444444444444,0.4717901589361346
95,2011-04-12,0.022222222222222223,0.015560449868995782
96,2011-04-13,0.2,0.07723034716699145
97,2011-04-14,0.2,0.15810585618239026
98,2011-04-15,0.1259259259259259,0.04369906494646465
99,2011-04-16,0.0962962962962963,0.10218242897408375
100,2011-04-18,0.2074074074074074,0.14935832620146047
101,2011-04-19,0.13333333333333333,0.07238487568788973
102,2011-04-20,0.18518518518518517,0.10463820790561908
103,2011-04-21,0.17037037037037037,0.11892134516345704
104,2011-04-22,0.25925925925925924,0.1786205615663161
105,2011-04-23,0.07407407407407407,0.019529983358007808
106,2011-04-24,0.007407407407407408,0.004194036988747407
107,2011-04-25,0.23703703703703705,0.12719004732177644
108,2011-04-26,0.11851851851851852,0.052767643025878185
109,2011-04-27,0.15555555555555556,0.21335615229127627
110,2011-04-28,0.18518518518518517,0.09885231059022162
111,2011-04-29,0.14814814814814814,0.07767138171230306
112,2011-04-30,0.05925925925925926,0.03778275527813393
113,2011-05-01,0.05185185185185185,0.09263197522711629
114,2011-05-02,0.044444444444444446,0.005599839660591987
115,2011-05-03,0.05185185185185185,0.021098826764337993
116,2011-05-04,0.21481481481481482,0.2596752332777521
117,2011-05-05,0.15555555555555556,0.07583582025677173
118,2011-05-06,0.037037037037037035,0.028817690106862248
119,2011-05-07,0.1925925925925926,0.09418588292855758
120,2011-05-08,0.2740740740740741,0.14446143593409688
121,2011-05-09,0.16296296296296298,0.10496411738002089
122,2011-05-10,0.14074074074074075,0.06566612282658303
123,2011-05-11,0.17777777777777778,0.26268881842057784
124,2011-05-12,0.3111111111111111,0.2627650231438928
125,2011-05-13,0.15555555555555556,0.17133203622448448
126,2011-05-14,0.08148148148148149,0.11488604904495966
127,2011-05-15,0.007407407407407408,0.004905070126738751
128,2011-05-16,0.07407407407407407,0.03967138211699616
129,2011-05-17,0.1037037037037037,0.08912275485118269
130,2011-05-18,0.24444444444444444,0.23354217858236606
131,2011-05-19,0.11851851851851852,0.07688929205315279
132,2011-05-20,0.1111111111111111,0.0326636657323989
133,2011-05-21,0.24444444444444444,0.26921427214984
134,2011-05-22,0.022222222222222223,0.005713507836325515
135,2011-05-23,0.17037037037037037,0.16524236614750273
136,2011-05-24,0.14074074074074075,0.26492276988553154
137,2011-05-25,0.11851851851851852,0.07694384468364279
138,2011-05-26,0.14814814814814814,0.15084088144991015
139,2011-05-27,0.18518518518518517,0.14841530274130002
140,2011-05-28,0.05185185185185185,0.05322391932523899
141,2011-05-30,0.18518518518518517,0.21849186207694773
142,2011-05-31,0.18518518518518517,0.21271033494121275
143,2011-06-01,0.05925925925925926,0.015746054773390576
144,2011-06-02,0.007407407407407408,6.798844156024165e-05
145,2011-06-03,0.014814814814814815,0.0034166215349544058
146,2011-06-04,0.18518518518518517,0.11818343787399334
147,2011-06-05,0.2222222222222222,0.15086654607486635
148,2011-06-06,0.32592592592592595,0.25966374252291546
149,2011-06-07,0.11851851851851852,0.09544324062859766
150,2011-06-08,0.08888888888888889,0.027129512821335168
151,2011-06-09,0.2518518518518518,0.2604371960312152
152,2011-06-10,0.2740740740740741,0.434569398442923
153,2011-06-11,0.02962962962962963,0.039346830893826436
154,2011-06-12,0.31851851851851853,0.3151631904709341
155,2011-06-13,0.26666666666666666,0.16633255271405908
156,2011-06-14,0.2814814814814815,0.12513473751048787
157,2011-06-15,0.24444444444444444,0.15456432359139224
158,2011-06-16,0.1259259259259259,0.1014132844356145
159,2011-06-17,0.31851851851851853,0.36663986654030783
160,2011-06-18,0.1925925925925926,0.13954288699764564
161,2011-06-19,0.007407407407407408,0.0014644831720007408
162,2011-06-20,0.3111111111111111,0.21571618993987576
163,2011-06-21,0.3037037037037037,0.22051603328317493
164,2011-06-22,0.4074074074074074,0.48553168023619503
165,2011-06-23,0.1925925925925926,0.07925815808182751
166,2011-06-24,0.22962962962962963,0.13634091569706414
167,2011-06-25,0.11851851851851852,0.14925658736671557
168,2011-06-26,0.037037037037037035,0.03210359576905499
169,2011-06-27,0.34074074074074073,0.16831422709738017
170,2011-06-28,0.2,0.18207134678728812
171,2011-06-29,0.2,0.21075739781524402
172,2011-06-30,0.25925925925925924,0.1340055319523923
173,2011-07-01,0.18518518518518517,0.1801647793972359
174,2011-07-02,0.0962962962962963,0.045507355145414825
175,2011-07-03,0.13333333333333333,0.09771724760530444
176,2011-07-04,0.1259259259259259,0.08699611788022155
177,2011-07-05,0.05925925925925926,0.05016965240808079
178,2011-07-06,0.4444444444444444,0.4236800190772329
179,2011-07-07,0.13333333333333333,0.12282296912606422
180,2011-07-08,0.007407407407407408,0.0009576050585828678
181,2011-07-09,0.32592592592592595,0.16019910597222817
182,2011-07-10,0.4148148148148148,0.28559318650595356
183,2011-07-11,0.43703703703703706,0.3346956121048968
184,2011-07-12,0.2,0.2591695616556521
185,2011-07-13,0.1037037037037037,0.04907263057498897
186,2011-07-14,0.1259259259259259,0.07676891608921173
187,2011-07-15,0.06666666666666667,0.02361757594293746
188,2011-07-16,0.0962962962962963,0.09172627205918878
189,2011-07-17,0.02962962962962963,0.008979128256653935
190,2011-07-18,0.14074074074074075,0.13768609433011805
191,2011-07-19,0.08888888888888889,0.12055819724600271
192,2011-07-20,0.2814814814814815,0.20172907911173496
193,2011-07-21,0.18518518518518517,0.15431157807749124
194,2011-07-22,0.1111111111111111,0.07776329763366835
195,2011-07-23,0.17037037037037037,0.09760704967294219
196,2011-07-24,0.022222222222222223,0.002566766015451385
197,2011-07-25,0.1111111111111111,0.3120126167122265
198,2011-07-26,0.23703703703703705,0.20023118093596
199,2011-07-27,0.24444444444444444,0.24798532997613426
200,2011-07-28,0.13333333333333333,0.08120393011638062
201,2011-07-29,0.13333333333333333,0.04849955225766647
202,2011-07-30,0.07407407407407407,0.10636444657762675
203,2011-07-31,0.044444444444444446,0.012038446249623
204,2011-08-01,0.06666666666666667,0.15917743293653508
205,2011-08-02,0.07407407407407407,0.02549111278766471
206,2011-08-03,0.17037037037037037,0.2496805605566068
207,2011-08-04,0.1111111111111111,0.17200534437713835
208,2011-08-05,0.022222222222222223,0.063271060507386
209,2011-08-06,0.2814814814814815,0.2409622317125003
210,2011-08-07,0.08148148148148149,0.08562461294898549
211,2011-08-08,0.2518518518518518,0.20485177963286844
212,2011-08-09,0.562962962962963,0.9314959268144894
213,2011-08-10,0.1111111111111111,0.09714912930784428
214,2011-08-11,0.1925925925925926,0.10856478828024954
215,2011-08-12,0.4962962962962963,0.3373763902852207
216,2011-08-13,0.05185185185185185,0.06583982469504097
217,2011-08-15,0.2740740740740741,0.17536864759557155
218,2011-08-16,0.2518518518518518,0.33984529139067016
219,2011-08-17,0.2518518518518518,0.16758351575718128
220,2011-08-18,0.24444444444444444,0.2289757571630931
221,2011-08-19,0.1925925925925926,0.25684386626390254
222,2011-08-20,0.1037037037037037,0.07670456988559224
223,2011-08-21,0.0962962962962963,0.07576796586980232
224,2011-08-22,0.13333333333333333,0.1310314554797622
225,2011-08-23,0.21481481481481482,0.08372973866032216
226,2011-08-24,0.34814814814814815,0.13063705675608325
227,2011-08-25,0.3925925925925926,0.24365603342279407
228,2011-08-26,0.2222222222222222,0.2054393231993458
229,2011-08-27,0.14814814814814814,0.13651709782838645
230,2011-08-29,0.18518518518518517,0.1925595761365831
231,2011-08-30,0.31851851851851853,0.22525543469958065
232,2011-08-31,0.1925925925925926,0.13348427964576806
233,2011-09-01,0.05925925925925926,0.020582423186972357
234,2011-09-02,0.16296296296296298,0.11573735538924243
235,2011-09-03,0.08148148148148149,0.01828115102408096
236,2011-09-04,0.037037037037037035,0.009291880146494857
237,2011-09-05,0.17777777777777778,0.1269341608835179
238,2011-09-06,0.31851851851851853,0.2591822083151685
239,2011-09-07,0.13333333333333333,0.051170382575614626
240,2011-09-08,0.26666666666666666,0.3360090461049653
241,2011-09-09,0.3111111111111111,0.29282165690867284
242,2011-09-10,0.022222222222222223,0.006307142034025988
243,2011-09-11,0.21481481481481482,0.3074517886575247
244,2011-09-12,0.37777777777777777,0.36210427464173783
245,2011-09-13,0.362962962962963,0.16166965954079676
246,2011-09-14,0.4666666666666667,0.4482228605469042
247,2011-09-15,0.35555555555555557,0.2715535399365825
248,2011-09-16,0.13333333333333333,0.13676302224001075
249,2011-09-17,0.17777777777777778,0.06238179799682983
250,2011-09-18,0.02962962962962963,0.018976059671188875
251,2011-09-19,0.2740740740740741,0.40983618124302085
252,2011-09-20,0.34074074074074073,0.3452875309097005
253,2011-09-21,0.362962962962963,0.2481477753058897
254,2011-09-22,0.2222222222222222,0.22932262316404647
255,2011-09-23,0.4,0.6036730907312834
256,2011-09-24,0.08888888888888889,0.11112225141296067
257,2011-09-25,0.08888888888888889,0.16115842591784144
258,2011-09-26,0.4148148148148148,0.2144117522675208
259,2011-09-27,0.4222222222222222,0.3883575378592929
260,2011-09-28,0.2962962962962963,0.28929339471043847
261,2011-09-29,0.2814814814814815,0.2971132836161109
262,2011-09-30,0.23703703703703705,0.1526493006447874
263,2011-10-01,0.18518518518518517,0.1718473916467094
264,2011-10-02,0.2222222222222222,0.30011499354565085
265,2011-10-03,0.0962962962962963,0.10394714384300414
266,2011-10-05,0.24444444444444444,0.14734690029869382
267,2011-10-06,0.18518518518518517,0.1384363194659508
268,2011-10-08,0.14814814814814814,0.33265497494797924
269,2011-10-09,0.0962962962962963,0.08266946296112122
270,2011-10-10,0.23703703703703705,0.1987476873053742
271,2011-10-11,0.28888888888888886,0.2573347842930107
272,2011-10-12,0.2222222222222222,0.147903955298409
273,2011-10-13,0.35555555555555557,0.24784817037741572
274,2011-10-14,0.25925925925925924,0.36557018526749147
275,2011-10-15,0.1925925925925926,0.20820844891958573
276,2011-10-16,0.05185185185185185,0.03450252746019768
277,2011-10-17,0.2,0.15133039974674303
278,2011-10-18,0.2,0.20970380612853068
279,2011-10-19,0.28888888888888886,0.22468259161012513
280,2011-10-20,0.25925925925925924,0.19031448245872915
281,2011-10-21,0.22962962962962963,0.18391979771819858
282,2011-10-22,0.14074074074074075,0.12529844851792785
283,2011-10-24,0.1037037037037037,0.11510172517635259
284,2011-10-25,0.23703703703703705,0.12148343191488735
285,2011-10-26,0.18518518518518517,0.20410248782050808
286,2011-10-27,0.3111111111111111,0.4373135414460878
287,2011-10-28,0.13333333333333333,0.1461595104953615
288,2011-10-29,0.05925925925925926,0.12704348518464073
289,2011-10-30,0.014814814814814815,0.0033705876943146583
290,2011-10-31,0.28888888888888886,0.19995481601487972
291,2011-11-01,0.16296296296296298,0.16317356740917396
292,2011-11-02,0.05925925925925926,0.025481181618879658
293,2011-11-03,0.17037037037037037,0.07420574476026133
294,2011-11-04,0.15555555555555556,0.11504599387719566
295,2011-11-05,0.15555555555555556,0.07135490644355397
296,2011-11-06,0.08888888888888889,0.0799598200451172
297,2011-11-07,0.16296296296296298,0.1322361246669249
298,2011-11-08,0.2962962962962963,0.18744678918008464
299,2011-11-09,0.05925925925925926,0.034600501637337716
300,2011-11-10,0.14814814814814814,0.051226293457336695
301,2011-11-11,0.45185185185185184,0.6172176575088325
302,2011-11-12,0.022222222222222223,0.02014954421944969
303,2011-11-13,0.02962962962962963,0.008745417988790607
304,2011-11-14,0.2962962962962963,0.31711741047404435
305,2011-11-15,0.28888888888888886,0.26544502633692135
306,2011-11-16,0.26666666666666666,0.2025714908074467
307,2011-11-17,0.23703703703703705,0.35569509430006957
308,2011-11-18,0.43703703703703706,0.3418375474869418
309,2011-11-19,0.17777777777777778,0.24980299033805328
310,2011-11-20,0.044444444444444446,0.024660986057007294
311,2011-11-21,0.28888888888888886,0.13688400271427661
312,2011-11-22,0.3333333333333333,0.24100895049621945
313,2011-11-23,0.4,0.21526215462858125
314,2011-11-24,0.2518518518518518,0.2727988691458233
315,2011-11-25,0.4074074074074074,0.45828363583974263
316,2011-11-26,0.2222222222222222,0.16195767456462357
317,2011-11-27,0.02962962962962963,0.007657552337188675
318,2011-11-28,0.4740740740740741,0.23496584643130988
319,2011-11-29,0.3037037037037037,0.2135849404792557
320,2011-11-30,0.2222222222222222,0.15602395044613868
321,2011-12-01,0.1111111111111111,0.0665142589062582
322,2011-12-02,0.1037037037037037,0.07261206027944261
323,2011-12-03,0.06666666666666667,0.11727874643882714
324,2011-12-04,0.1259259259259259,0.1015103096074244
325,2011-12-05,0.18518518518518517,0.13958350806801226
326,2011-12-06,0.014814814814814815,0.0009475889042458679
327,2011-12-07,0.21481481481481482,0.1322122508089562
328,2011-12-08,0.32592592592592595,0.22687087598756492
329,2011-12-09,0.362962962962963,0.35606499593839874
330,2011-12-10,0.2074074074074074,0.11777358493238538
331,2011-12-11,0.15555555555555556,0.10705547017093121
332,2011-12-12,0.32592592592592595,0.25860783700337703
333,2011-12-13,0.43703703703703706,0.36311621581999975
334,2011-12-14,0.2740740740740741,0.36296302582154466
335,2011-12-15,0.4222222222222222,0.381373878456294
336,2011-12-16,0.3111111111111111,0.3589252079591397
337,2011-12-17,0.23703703703703705,0.3473313828474672
338,2011-12-19,0.34814814814814815,0.27319577848434945
339,2011-12-20,0.5407407407407407,0.5534666719546567
340,2011-12-21,0.37777777777777777,0.3288900451870202
341,2011-12-22,0.28888888888888886,0.3240299607457805
342,2011-12-23,0.4148148148148148,0.26835992656034224
343,2011-12-24,0.24444444444444444,0.2475843109791317
344,2011-12-25,0.07407407407407407,0.013638752015498124
345,2011-12-26,0.45185185185185184,0.37517381568839375
346,2011-12-27,0.45925925925925926,0.3829452183132127
347,2011-12-28,0.45925925925925926,0.475541277533169
348,2011-12-29,0.42962962962962964,0.2758034827483883
349,2011-12-30,0.2740740740740741,0.16959643396577084
350,2011-12-31,0.18518518518518517,0.19578705878460748
351,2012-01-02,0.08888888888888889,0.04186689026635179
352,2012-01-03,0.14074074074074075,0.09895466051155434
353,2012-01-04,0.022222222222222223,0.012922250461931885
354,2012-01-05,0.2222222222222222,0.09229394013557014
355,2012-01-06,0.4,0.2287129530020791
356,2012-01-07,0.037037037037037035,0.06429764044697138
357,2012-01-08,0.25925925925925924,0.3134296597350494
358,2012-01-09,0.17037037037037037,0.14144615866822785
359,2012-01-10,0.35555555555555557,0.3769537925460183
360,2012-01-11,0.3851851851851852,0.302241193448059
361,2012-01-12,0.25925925925925924,0.39390365501612534
362,2012-01-13,0.21481481481481482,0.1797386249115113
363,2012-01-14,0.05925925925925926,0.05162424589233969
364,2012-01-16,0.14074074074074075,0.2117152482190215
365,2012-01-17,0.21481481481481482,0.16599785229369426
366,2012-01-18,0.24444444444444444,0.11485777111428094
367,2012-01-19,0.14814814814814814,0.08526262508431529
368,2012-01-20,0.1037037037037037,0.09052174603221175
369,2012-01-21,0.06666666666666667,0.034969784095217005
370,2012-01-22,0.05185185185185185,0.037766213447486464
371,2012-01-23,0.2,0.24456987598078628
372,2012-01-24,0.11851851851851852,0.08161445838960674
373,2012-01-25,0.11851851851851852,0.08888616114494963
374,2012-01-26,0.08148148148148149,0.08634098297729276
375,2012-01-27,0.1925925925925926,0.23832710797303075
376,2012-01-28,0.1111111111111111,0.1929751205808398
377,2012-01-29,0.022222222222222223,0.022173641063318986
378,2012-01-30,0.14074074074074075,0.0919037299855231
379,2012-01-31,0.08888888888888889,0.03150695166638962
380,2012-02-01,0.2074074074074074,0.253101762711638
381,2012-02-02,0.14814814814814814,0.2941808267940829
382,2012-02-03,0.26666666666666666,0.27121064852778204
383,2012-02-04,0.17037037037037037,0.11652055390749906
384,2012-02-05,0.13333333333333333,0.05865194399897288
385,2012-02-06,0.21481481481481482,0.15592940149026213
386,2012-02-07,0.21481481481481482,0.11906292957540711
387,2012-02-08,0.34074074074074073,0.4469746079358495
388,2012-02-09,0.1037037037037037,0.05275743717164844
389,2012-02-10,0.2962962962962963,0.1700874329334999
390,2012-02-11,0.48148148148148145,0.4676089744945204
391,2012-02-12,0.037037037037037035,0.007141518042280917
392,2012-02-13,0.17777777777777778,0.12567632058695066
393,2012-02-14,0.17777777777777778,0.12177127494414475
394,2012-02-15,0.2518518518518518,0.13757820314845165
395,2012-02-16,0.0962962962962963,0.03186033980258868
396,2012-02-17,0.1111111111111111,0.03840522385953183
397,2012-02-18,0.16296296296296298,0.14006233083195893
398,2012-02-19,0.007407407407407408,0.004446565485971161
399,2012-02-20,0.18518518518518517,0.06772523928238602
400,2012-02-21,0.1037037037037037,0.11830982858920036
401,2012-02-22,0.15555555555555556,0.07264134994288261
402,2012-02-23,0.1037037037037037,0.11076277011620661
403,2012-02-24,0.05925925925925926,0.10017463266259834
404,2012-02-25,0.0962962962962963,0.08364880003941712
405,2012-02-27,0.11851851851851852,0.191583739147775
406,2012-02-28,0.11851851851851852,0.07711621865285151
407,2012-02-29,0.07407407407407407,0.02631633261442975
408,2012-03-01,0.17777777777777778,0.08734552737733675
409,2012-03-02,0.08888888888888889,0.024226345662747176
410,2012-03-03,0.02962962962962963,0.015809589061469138
411,2012-03-04,0.15555555555555556,0.05584003513545533
412,2012-03-05,0.21481481481481482,0.14374666343181974
413,2012-03-06,0.014814814814814815,0.004505903612422175
414,2012-03-07,0.2222222222222222,0.16908443395524886
415,2012-03-08,0.4148148148148148,0.5273448758214385
416,2012-03-09,0.4444444444444444,0.28042348806403217
417,2012-03-10,0.3037037037037037,0.250644878462061
418,2012-03-11,0.2,0.14772964234336328
419,2012-03-12,0.6,0.5793799302369794
420,2012-03-13,0.17037037037037037,0.11809229339885852
421,2012-03-14,0.17037037037037037,0.14081308965682326
422,2012-03-15,0.2074074074074074,0.18078509045852031
423,2012-03-16,0.2518518518518518,0.33532424466814303
424,2012-03-17,0.06666666666666667,0.01362052817913497
425,2012-03-19,0.32592592592592595,0.2898544956294662
426,2012-03-20,0.3037037037037037,0.4512908293608489
427,2012-03-21,0.14074074074074075,0.1087056771259262
428,2012-03-22,0.2074074074074074,0.1484450223911636
429,2012-03-23,0.23703703703703705,0.09956727178065872
430,2012-03-24,0.08888888888888889,0.04595312965871319
431,2012-03-26,0.2,0.22747963811937896
432,2012-03-27,0.26666666666666666,0.18128265557187023
433,2012-03-28,0.14814814814814814,0.11258265730193331
434,2012-03-29,0.1925925925925926,0.18592784949220625
435,2012-03-30,0.11851851851851852,0.08371218712037888
436,2012-03-31,0.14074074074074075,0.0898358999813133
437,2012-04-01,0.14814814814814814,0.06621396094084266
438,2012-04-02,0.07407407407407407,0.12586484788142652
439,2012-04-04,0.16296296296296298,0.07345494698368571
440,2012-04-05,0.17777777777777778,0.27379302355627494
441,2012-04-06,0.34074074074074073,0.18041021463607007
442,2012-04-07,0.2,0.23693028442944292
443,2012-04-08,0.08888888888888889,0.03510950438955434
444,2012-04-09,0.362962962962963,0.2714948063204564
445,2012-04-10,0.23703703703703705,0.2210854263639144
446,2012-04-11,0.022222222222222223,0.020753674132816025
447,2012-04-12,0.45185185185185184,0.4249565126907203
448,2012-04-13,0.25925925925925924,0.2543584815024392
449,2012-04-14,0.1111111111111111,0.23435004820400737
450,2012-04-15,0.037037037037037035,0.01247102270905004
451,2012-04-16,0.3333333333333333,0.36812208892867915
452,2012-04-17,0.15555555555555556,0.12714410807814985
453,2012-04-18,0.26666666666666666,0.20434730084369404
454,2012-04-19,0.14074074074074075,0.1944452294928598
455,2012-04-20,0.16296296296296298,0.16591901453586808
456,2012-04-21,0.08148148148148149,0.04069356101906984
457,2012-04-22,0.0962962962962963,0.16883882318078056
458,2012-04-23,0.1037037037037037,0.06748973015367311
459,2012-04-24,0.2,0.08435235394297042
460,2012-04-25,0.17777777777777778,0.24078958963410993
461,2012-04-26,0.2,0.14640823993606653
462,2012-04-27,0.25925925925925924,0.1537780236063558
463,2012-04-28,0.2074074074074074,0.19259504091093177
464,2012-04-29,0.044444444444444446,0.010817649030512138
465,2012-04-30,0.23703703703703705,0.14475004788025292
466,2012-05-01,0.2518518518518518,0.14321646336065444
467,2012-05-02,0.02962962962962963,0.01003740072498746
468,2012-05-03,0.2962962962962963,0.20873119302616655
469,2012-05-04,0.23703703703703705,0.2470140599490107
470,2012-05-05,0.02962962962962963,0.035273819907319204
471,2012-05-06,0.25925925925925924,0.29121908283794684
472,2012-05-07,0.21481481481481482,0.0784867002163995
473,2012-05-08,0.05925925925925926,0.052584026176359384
474,2012-05-09,0.37777777777777777,0.23681698503030088
475,2012-05-10,0.37777777777777777,0.4151127576162484
476,2012-05-11,0.5111111111111111,0.31063302803622767
477,2012-05-12,0.3037037037037037,0.1767078367706785
478,2012-05-13,0.022222222222222223,0.007902998705083236
479,2012-05-14,0.28888888888888886,0.17574162945429259
480,2012-05-15,0.32592592592592595,0.2673455916223671
481,2012-05-16,0.21481481481481482,0.20637703050971196
482,2012-05-17,0.18518518518518517,0.212128616931975
483,2012-05-18,0.14074074074074075,0.1332825376038303
484,2012-05-19,0.1111111111111111,0.021643619562986077
485,2012-05-20,0.014814814814814815,0.004288330482101789
486,2012-05-21,0.21481481481481482,0.15531573245455574
487,2012-05-22,0.24444444444444444,0.24868304011125825
488,2012-05-23,0.32592592592592595,0.21683713267650964
489,2012-05-24,0.32592592592592595,0.2364219772434996
490,2012-05-25,0.26666666666666666,0.3184736180059292
491,2012-05-26,0.17037037037037037,0.07450025207321745
492,2012-05-27,0.007407407407407408,0.0002895579162878149
493,2012-05-28,0.2222222222222222,0.23294568876894678
494,2012-05-29,0.18518518518518517,0.24427827183498882
495,2012-05-30,0.18518518518518517,0.1444468518063426
496,2012-05-31,0.37037037037037035,0.4314933615660733
497,2012-06-01,0.08888888888888889,0.013772566319841303
498,2012-06-02,0.2,0.2208187943119979
499,2012-06-03,0.2,0.14975822622202897
500,2012-06-04,0.24444444444444444,0.18080881660350587
501,2012-06-05,0.05185185185185185,0.029064772446631852
502,2012-06-06,0.34814814814814815,0.22291077943588405
503,2012-06-07,0.2074074074074074,0.21479470778780274
504,2012-06-08,0.3925925925925926,0.1855682032830121
505,2012-06-09,0.362962962962963,0.38880568488591655
506,2012-06-10,0.1925925925925926,0.11807878170783118
507,2012-06-11,0.2,0.12962391414516725
508,2012-06-12,0.32592592592592595,0.29586670238757806
509,2012-06-13,0.3333333333333333,0.24232122555641
510,2012-06-14,0.2074074074074074,0.17375174688307898
511,2012-06-15,0.34074074074074073,0.1658506745171733
512,2012-06-16,0.2222222222222222,0.33432841887516956
513,2012-06-17,0.05185185185185185,0.027504359809401684
514,2012-06-18,0.4222222222222222,0.35712521649816426
515,2012-06-19,0.5037037037037037,0.3828164955539909
516,2012-06-20,0.37037037037037035,0.34694544726833665
517,2012-06-21,0.26666666666666666,0.27855790748573983
518,2012-06-22,0.28888888888888886,0.29862156469934886
519,2012-06-23,0.2222222222222222,0.13807825206573063
520,2012-06-24,0.02962962962962963,0.008386505791714778
521,2012-06-25,0.4444444444444444,0.402553489552291
522,2012-06-26,0.3111111111111111,0.233996866967158
523,2012-06-27,0.3333333333333333,0.24897517794608734
524,2012-06-28,0.17777777777777778,0.12068084960865672
525,2012-06-29,0.45185185185185184,0.3055629341787911
526,2012-06-30,0.1037037037037037,0.0894366449403801
527,2012-07-01,0.06666666666666667,0.09358057586412347
528,2012-07-02,0.0962962962962963,0.10170317116504972
529,2012-07-03,0.2,0.21413447830455443
530,2012-07-04,0.15555555555555556,0.16174455305845295
531,2012-07-05,0.3333333333333333,0.28328668267295337
532,2012-07-06,0.3037037037037037,0.1798282517875041
533,2012-07-07,0.08888888888888889,0.11085834092217216
534,2012-07-08,0.25925925925925924,0.23498522060782265
535,2012-07-09,0.43703703703703706,0.34506529369135047
536,2012-07-10,0.007407407407407408,0.002428158627151487
537,2012-07-11,0.37777777777777777,0.26922127182294914
538,2012-07-12,0.4,0.29653245036717296
539,2012-07-13,0.2222222222222222,0.20813623092921676
540,2012-07-14,0.14814814814814814,0.09880628939624138
541,2012-07-15,0.007407407407407408,0.0006801879354308104
542,2012-07-16,0.21481481481481482,0.17745619374196747
543,2012-07-17,0.16296296296296298,0.12567443876401463
544,2012-07-18,0.2,0.1586548512130625
545,2012-07-19,0.08148148148148149,0.04135389369905989
546,2012-07-20,0.2222222222222222,0.19444092305236127
547,2012-07-21,0.14814814814814814,0.04432917615714151
548,2012-07-23,0.13333333333333333,0.21541692545947583
549,2012-07-24,0.23703703703703705,0.14235531336247056
550,2012-07-25,0.24444444444444444,0.16092699710735486
551,2012-07-26,0.15555555555555556,0.10687809925361437
552,2012-07-27,0.14814814814814814,0.10472718373158
553,2012-07-28,0.08148148148148149,0.034114642272036116
554,2012-07-29,0.014814814814814815,0.0010830599209856948
555,2012-07-30,0.23703703703703705,0.13272421287949968
556,2012-07-31,0.21481481481481482,0.16987672188063313
557,2012-08-01,0.02962962962962963,0.055049694795636546
558,2012-08-02,0.1037037037037037,0.05865030853296421
559,2012-08-03,0.17037037037037037,0.12285704883826268
560,2012-08-05,0.24444444444444444,0.2737952463331516
561,2012-08-06,0.3333333333333333,0.237687272998785
562,2012-08-07,0.014814814814814815,0.0008595681540116266
563,2012-08-08,0.25925925925925924,0.22704167924166174
564,2012-08-09,0.08148148148148149,0.07011285271912791
565,2012-08-10,0.21481481481481482,0.12737034568783812
566,2012-08-11,0.6518518518518519,0.7224065318276457
567,2012-08-12,0.17037037037037037,0.10312399806839981
568,2012-08-13,0.2814814814814815,0.1447445389953676
569,2012-08-14,0.3851851851851852,0.3541941836899976
570,2012-08-15,0.2,0.1731133435106904
571,2012-08-16,0.4148148148148148,0.4082007744207247
572,2012-08-17,0.2814814814814815,0.23515929681740236
573,2012-08-18,0.14074074074074075,0.16243448145104328
574,2012-08-19,0.007407407407407408,0.0008589611143548386
575,2012-08-20,0.28888888888888886,0.45361642357932225
576,2012-08-21,0.25925925925925924,0.17324651283539827
577,2012-08-22,0.2074074074074074,0.24492058302516792
578,2012-08-23,0.4074074074074074,0.27319867811044335
579,2012-08-24,0.45925925925925926,0.5018688676980337
580,2012-08-25,0.16296296296296298,0.06572308388691132
581,2012-08-26,0.044444444444444446,0.05711747421320831
582,2012-08-27,0.34814814814814815,0.26451970567075195
583,2012-08-28,0.3111111111111111,0.42561688887521915
584,2012-08-29,0.42962962962962964,0.3864573803021499
585,2012-08-30,0.1037037037037037,0.17808330364740785
586,2012-08-31,0.34814814814814815,0.36939837463108427
587,2012-09-01,0.16296296296296298,0.0910124440094443
588,2012-09-02,0.16296296296296298,0.1145170701069088
589,2012-09-03,0.15555555555555556,0.08740199370034478
590,2012-09-04,0.1925925925925926,0.08231816911173807
591,2012-09-05,0.2962962962962963,0.17142903610297539
592,2012-09-06,0.2222222222222222,0.09951769687535442
593,2012-09-07,0.2,0.12923048820253835
594,2012-09-08,0.32592592592592595,0.3203700392339847
595,2012-09-09,0.044444444444444446,0.08361500816518924
596,2012-09-10,0.34814814814814815,0.22423895893508247
597,2012-09-11,0.45925925925925926,0.3124565422839037
598,2012-09-12,0.044444444444444446,0.062119126878673915
599,2012-09-13,0.37037037037037035,0.337786572039976
600,2012-09-14,0.26666666666666666,0.3855808453897311
601,2012-09-15,0.4,0.24881389408554183
602,2012-09-16,0.044444444444444446,0.03193228411924565
603,2012-09-17,0.4074074074074074,0.42662603665932713
604,2012-09-18,0.4962962962962963,0.44463595427089336
605,2012-09-19,0.21481481481481482,0.12960731717508428
606,2012-09-20,0.2518518518518518,0.4477210618378145
607,2012-09-21,0.4740740740740741,0.36154339124525386
608,2012-09-22,0.24444444444444444,0.13426397908626972
609,2012-09-23,0.007407407407407408,0.010471434079590789
610,2012-09-24,0.4740740740740741,0.3873743567023703
611,2012-09-25,0.4962962962962963,0.23466162294278048
612,2012-09-26,0.4,0.2641470632483723
613,2012-09-27,0.32592592592592595,0.28660447106965353
614,2012-09-28,0.45185185185185184,0.3745038057845415
615,2012-09-29,0.1111111111111111,0.18803188182394776
616,2012-09-30,0.022222222222222223,0.016920016353648353
617,2012-10-01,0.1037037037037037,0.15930362130518988
618,2012-10-02,0.14814814814814814,0.09317472685491843
619,2012-10-03,0.06666666666666667,0.02958440648670437
620,2012-10-04,0.17777777777777778,0.08806392592983046
621,2012-10-05,0.21481481481481482,0.2190123859359838
622,2012-10-06,0.037037037037037035,0.08197148623441462
623,2012-10-07,0.1111111111111111,0.06538890804998324
624,2012-10-08,0.4,0.3959941908328311
625,2012-10-09,0.43703703703703706,0.3913693504463207
626,2012-10-10,0.21481481481481482,0.23943517641027706
627,2012-10-11,0.3037037037037037,0.3937249076363869
628,2012-10-12,0.4148148148148148,0.22119339544900343
629,2012-10-13,0.06666666666666667,0.1524189569176873
630,2012-10-14,0.014814814814814815,0.0024898743255915875
631,2012-10-15,0.4148148148148148,0.3798731236530675
632,2012-10-16,0.1111111111111111,0.10776450614845173
633,2012-10-17,0.3037037037037037,0.36883299256487706
634,2012-10-18,0.23703703703703705,0.13106836045569656
635,2012-10-19,0.2962962962962963,0.2826909066369972
636,2012-10-20,0.1259259259259259,0.1229742201386822
637,2012-10-21,0.007407407407407408,0.0039146469867107885
638,2012-10-22,0.2518518518518518,0.1695064453953158
639,2012-10-23,0.28888888888888886,0.22135679838381758
640,2012-10-24,0.42962962962962964,0.2803632747887426
641,2012-10-25,0.3037037037037037,0.447527830491865
642,2012-10-26,0.24444444444444444,0.14701855507766917
643,2012-10-27,0.2222222222222222,0.18585422569916554
644,2012-10-28,0.037037037037037035,0.006893441169206942
645,2012-10-29,0.2962962962962963,0.17229833712615075
646,2012-10-30,0.2814814814814815,0.3040395201027758
647,2012-10-31,0.31851851851851853,0.18812241167143004
648,2012-11-01,0.1259259259259259,0.20890935916543374
649,2012-11-02,0.022222222222222223,0.005158015963726547
650,2012-11-03,0.007407407407407408,0.00965800093949504
651,2012-11-04,0.16296296296296298,0.14806098886962438
652,2012-11-05,0.3037037037037037,0.26617068963650764
653,2012-11-06,0.5111111111111111,0.3389462990461484
654,2012-11-07,0.2962962962962963,0.22850598940736025
655,2012-11-08,0.1111111111111111,0.038115716529882084
656,2012-11-09,0.4444444444444444,0.17869185584467395
657,2012-11-10,0.2222222222222222,0.29966554391309713
658,2012-11-11,0.05185185185185185,0.03911277916615616
659,2012-11-12,0.43703703703703706,0.30819143612733796
660,2012-11-13,0.7851851851851852,0.648064171275025
661,2012-11-14,0.45185185185185184,0.2580881807051838
662,2012-11-15,0.5851851851851851,0.38288156514653465
663,2012-11-16,0.4962962962962963,0.4109958126404475
664,2012-11-17,0.2,0.16549289647252288
665,2012-11-18,0.014814814814814815,0.004507269451649948
666,2012-11-19,0.32592592592592595,0.19100269090562513
667,2012-11-20,0.6074074074074074,0.40656464572710344
668,2012-11-21,0.4666666666666667,0.32461454246459903
669,2012-11-22,0.31851851851851853,0.17756390534106875
670,2012-11-23,0.37777777777777777,0.3313869272795832
671,2012-11-24,0.22962962962962963,0.20072029302208924
672,2012-11-25,0.05185185185185185,0.009755228457857232
673,2012-11-26,0.3111111111111111,0.15585900006606607
674,2012-11-27,0.42962962962962964,0.2701154629896521
675,2012-11-28,0.4,0.3483414477673233
676,2012-11-29,0.35555555555555557,0.25617644639591947
677,2012-11-30,0.37037037037037035,0.23616740251676616
678,2012-12-01,0.3111111111111111,0.21208695883552797
679,2012-12-02,0.014814814814814815,0.003959416161398894
680,2012-12-03,0.13333333333333333,0.10337999427966296
681,2012-12-04,0.1111111111111111,0.0951277803301547
682,2012-12-05,0.17777777777777778,0.09132562588570879
683,2012-12-06,0.34814814814814815,0.30240054844009523
684,2012-12-07,0.2,0.13838500943896076
685,2012-12-08,0.02962962962962963,0.01750057390540885
686,2012-12-09,0.3333333333333333,0.16778758225513815
687,2012-12-10,0.3111111111111111,0.27757864628740103
688,2012-12-11,0.3925925925925926,0.28889242377074215
689,2012-12-12,0.2962962962962963,0.18740172154423196
690,2012-12-13,0.26666666666666666,0.4175046360124455
691,2012-12-14,0.24444444444444444,0.13962867687714114
692,2012-12-15,0.24444444444444444,0.2882931997495354
693,2012-12-16,0.05185185185185185,0.05406902223009574
694,2012-12-17,0.4444444444444444,0.33994749410488606
695,2012-12-18,0.37037037037037035,0.18993959753068404
696,2012-12-19,0.37037037037037035,0.567410016741142
697,2012-12-20,0.45925925925925926,0.5078307594683262
698,2012-12-21,0.31851851851851853,0.26534408474759247
699,2012-12-22,0.15555555555555556,0.14026979169333004
700,2012-12-23,0.02962962962962963,0.01532825720027442
701,2012-12-24,0.3925925925925926,0.3978925110832794
702,2012-12-25,0.5407407407407407,0.5455921459388083
703,2012-12-26,0.35555555555555557,0.42851358145000124
704,2012-12-27,0.5111111111111111,0.387687219882815
705,2012-12-28,0.45185185185185184,0.37472477833693996
706,2012-12-29,0.08148148148148149,0.04731135053879322
707,2012-12-30,0.0962962962962963,0.12199205526731847
708,2012-12-31,0.3851851851851852,0.2698439088578518
709,2013-01-01,0.17777777777777778,0.2369769758963774
710,2013-01-02,0.14814814814814814,0.08356815380928007
711,2013-01-03,0.18518518518518517,0.16686174661699327
712,2013-01-04,0.16296296296296298,0.1436555553790644
713,2013-01-05,0.3037037037037037,0.29054027844706704
714,2013-01-06,0.31851851851851853,0.2095868913023661
715,2013-01-07,0.23703703703703705,0.24049087250113385
716,2013-01-08,0.3851851851851852,0.3981140309831017
717,2013-01-09,0.044444444444444446,0.00923985178924433
718,2013-01-10,0.2222222222222222,0.1863169872055263
719,2013-01-11,0.5777777777777777,0.5289371206065377
720,2013-01-12,0.05925925925925926,0.03452247174812143
721,2013-01-13,0.007407407407407408,0.0011664267005178958
722,2013-01-14,0.1925925925925926,0.06533530847175438
723,2013-01-15,0.2074074074074074,0.19223908904391557
724,2013-01-16,0.2222222222222222,0.1261609810489301
725,2013-01-17,0.14074074074074075,0.10038082632868586
726,2013-01-18,0.22962962962962963,0.19194450180407124
727,2013-01-19,0.08888888888888889,0.14603699724596225
728,2013-01-20,0.05925925925925926,0.0569744657873967
729,2013-01-21,0.15555555555555556,0.2813633614942402
730,2013-01-22,0.26666666666666666,0.15392800691782393
731,2013-01-23,0.13333333333333333,0.13015173057394683
732,2013-01-24,0.08888888888888889,0.05590690561231432
733,2013-01-25,0.2222222222222222,0.2130198017347777
734,2013-01-26,0.08148148148148149,0.029758237351089373
735,2013-01-27,0.05185185185185185,0.0326390047463419
736,2013-01-28,0.26666666666666666,0.31712380209576396
737,2013-01-29,0.17777777777777778,0.22816351887938857
738,2013-01-30,0.25925925925925924,0.17367795109546877
739,2013-01-31,0.22962962962962963,0.1972564539191643
740,2013-02-01,0.21481481481481482,0.2937539666247573
741,2013-02-02,0.14814814814814814,0.2847780516313533
742,2013-02-03,0.1111111111111111,0.18430022441244376
743,2013-02-04,0.32592592592592595,0.25849682260267653
744,2013-02-05,0.13333333333333333,0.050432680162035066
745,2013-02-06,0.08888888888888889,0.04327236665438085
746,2013-02-07,0.32592592592592595,0.2770535731720037
747,2013-02-08,0.37037037037037035,0.2500002837910395
748,2013-02-09,0.43703703703703706,0.3129857822206785
749,2013-02-10,0.28888888888888886,0.28055136400293273
750,2013-02-11,0.14814814814814814,0.08131703425109972
751,2013-02-12,0.45185185185185184,0.3956889611760704
752,2013-02-13,0.14074074074074075,0.0888202771075329
753,2013-02-14,0.17037037037037037,0.14636926748423443
754,2013-02-15,0.2074074074074074,0.09097589516344189
755,2013-02-16,0.14814814814814814,0.09724084794132112
756,2013-02-18,0.14814814814814814,0.31481162598303747
757,2013-02-19,0.23703703703703705,0.1853348855674601
758,2013-02-20,0.2074074074074074,0.10745608599242835
759,2013-02-21,0.14074074074074075,0.10555526777379233
760,2013-02-22,0.25925925925925924,0.21154295012976987
761,2013-02-23,0.08888888888888889,0.04876759314745307
762,2013-02-25,0.16296296296296298,0.14785282283051868
763,2013-02-26,0.17037037037037037,0.13445485764768292
764,2013-02-27,0.3037037037037037,0.39217699394569006
765,2013-02-28,0.15555555555555556,0.04862117012357201
766,2013-03-01,0.17777777777777778,0.1464728264262169
767,2013-03-02,0.014814814814814815,0.030471114372038213
768,2013-03-03,0.037037037037037035,0.011252891405765235
769,2013-03-04,0.15555555555555556,0.13391298875671495
770,2013-03-05,0.4444444444444444,0.2758566745983142
771,2013-03-06,0.37037037037037035,0.30288193088792803
772,2013-03-07,0.3333333333333333,0.23855922577352787
773,2013-03-08,0.15555555555555556,0.10674514138105365
774,2013-03-09,0.6148148148148148,0.5673697644473669
775,2013-03-10,0.31851851851851853,0.6658541604424023
776,2013-03-12,0.5185185185185185,0.4991754125062108
777,2013-03-13,0.3925925925925926,0.28649437683989915
778,2013-03-14,0.2740740740740741,0.2905693708226186
779,2013-03-15,0.2,0.15242644576358655
780,2013-03-16,0.11851851851851852,0.09682687218871079
781,2013-03-17,0.007407407407407408,0.0008938658946201414
782,2013-03-18,0.17777777777777778,0.1783102747633481
783,2013-03-19,0.18518518518518517,0.21519754891550846
784,2013-03-20,0.2,0.22334660608680687
785,2013-03-21,0.2,0.11799184705271622
786,2013-03-22,0.18518518518518517,0.06831514777419297
787,2013-03-23,0.2962962962962963,0.2363379275443536
788,2013-03-24,0.014814814814814815,0.004887680969903682
789,2013-03-25,0.24444444444444444,0.17528016397759896
790,2013-03-26,0.1925925925925926,0.09522163422562427
791,2013-03-27,0.22962962962962963,0.21944760251205156
792,2013-03-28,0.2,0.08992717345237514
793,2013-03-29,0.1925925925925926,0.2738930555978516
794,2013-03-30,0.17037037037037037,0.11810193015341
795,2013-03-31,0.014814814814814815,0.009297267623448848
796,2013-04-01,0.2740740740740741,0.4114356315888462
797,2013-04-02,0.11851851851851852,0.03578015674370978
798,2013-04-03,0.28888888888888886,0.389960049708454
799,2013-04-04,0.16296296296296298,0.10043721525413764
800,2013-04-05,0.2,0.18985174624568735
801,2013-04-06,0.4666666666666667,0.4665743917487933
802,2013-04-07,0.16296296296296298,0.1530302256174175
803,2013-04-08,0.08148148148148149,0.08617358926260159
804,2013-04-09,0.42962962962962964,0.3586867546880913
805,2013-04-10,0.35555555555555557,0.327424301395999
806,2013-04-11,0.43703703703703706,0.3492570072358115
807,2013-04-12,0.4962962962962963,0.4412691261755195
808,2013-04-13,0.13333333333333333,0.08951267665739278
809,2013-04-14,0.02962962962962963,0.02974646078174769
810,2013-04-15,0.28888888888888886,0.1656910018410501
811,2013-04-16,0.2074074074074074,0.19620516948901318
812,2013-04-17,0.21481481481481482,0.3391497934092288
813,2013-04-18,0.2518518518518518,0.18255033345194213
814,2013-04-19,0.26666666666666666,0.1501161873903092
815,2013-04-20,0.24444444444444444,0.13627760651952495
816,2013-04-22,0.11851851851851852,0.06809683860828873
817,2013-04-23,0.24444444444444444,0.20572283196545377
818,2013-04-24,0.21481481481481482,0.09252852555227202
819,2013-04-25,0.2962962962962963,0.23291499583216688
820,2013-04-26,0.26666666666666666,0.27610202586332927
821,2013-04-27,0.037037037037037035,0.05621961197418098
822,2013-04-29,0.2074074074074074,0.09858067804913237
823,2013-04-30,0.17037037037037037,0.2686353055478467
824,2013-05-01,0.0962962962962963,0.14660006446761153
825,2013-05-02,0.32592592592592595,0.46078979299239475
826,2013-05-03,0.2740740740740741,0.22554919333029338
827,2013-05-04,0.31851851851851853,0.22467434345878848
828,2013-05-05,0.044444444444444446,0.040606400241682716
829,2013-05-06,0.4740740740740741,0.4819313077971308
830,2013-05-07,0.16296296296296298,0.1297430841236568
831,2013-05-08,0.3333333333333333,0.17084492989855454
832,2013-05-09,0.5777777777777777,0.4549360696185452
833,2013-05-10,0.15555555555555556,0.2734228882076779
834,2013-05-11,0.4666666666666667,0.3984728197487805
835,2013-05-12,0.37037037037037035,0.17153301693751932
836,2013-05-13,0.1925925925925926,0.08903905925850307
837,2013-05-14,0.32592592592592595,0.26188917165695413
838,2013-05-15,0.4148148148148148,0.22125496748139137
839,2013-05-16,0.3111111111111111,0.37758565253677306
840,2013-05-17,0.3333333333333333,0.22717591189750172
841,2013-05-18,0.17037037037037037,0.05400573429894457
842,2013-05-19,0.037037037037037035,0.021064276090539152
843,2013-05-20,0.2074074074074074,0.10666242261635507
844,2013-05-21,0.2518518518518518,0.2632520045208266
845,2013-05-22,0.21481481481481482,0.24306162524953123
846,2013-05-23,0.2518518518518518,0.12360480433442507
847,2013-05-24,0.45925925925925926,0.5741710757137294
848,2013-05-25,0.1037037037037037,0.09710369997752939
849,2013-05-26,0.037037037037037035,0.03452259821471659
850,2013-05-27,0.34814814814814815,0.29832341464258566
851,2013-05-28,0.35555555555555557,0.43001573345617117
852,2013-05-29,0.2962962962962963,0.3687497107708968
853,2013-05-30,0.25925925925925924,0.32839710015132495
854,2013-05-31,0.4148148148148148,0.40308477824790745
855,2013-06-01,0.007407407407407408,0.002503026851488658
856,2013-06-02,0.23703703703703705,0.2257522789533382
857,2013-06-03,0.17777777777777778,0.17589860130980944
858,2013-06-04,0.1111111111111111,0.07664251272734518
859,2013-06-05,0.24444444444444444,0.1605092830021915
860,2013-06-06,0.31851851851851853,0.273679119646808
861,2013-06-07,0.2222222222222222,0.14448945182599043
862,2013-06-08,0.37777777777777777,0.31307152151353607
863,2013-06-09,0.6444444444444445,0.3643620726478756
864,2013-06-10,0.014814814814814815,0.0018443989412014305
865,2013-06-11,0.6444444444444445,0.41299581102167504
866,2013-06-12,0.5925925925925926,0.5256281418728568
867,2013-06-13,0.7555555555555555,0.46992950397879085
868,2013-06-14,0.4740740740740741,0.44137905549283374
869,2013-06-15,0.2814814814814815,0.35309513130925385
870,2013-06-16,0.02962962962962963,0.03139528166285968
871,2013-06-17,0.562962962962963,0.5179272317281821
872,2013-06-18,0.5851851851851851,0.5258781916248152
873,2013-06-19,0.34074074074074073,0.26043297811733324
874,2013-06-20,0.2,0.2628716511772067
875,2013-06-21,0.4444444444444444,0.28804773011178747
876,2013-06-22,0.24444444444444444,0.09274321524422263
877,2013-06-23,0.05185185185185185,0.07490459612994006
878,2013-06-24,0.5703703703703704,0.6101712939444858
879,2013-06-25,0.5481481481481482,0.5755983311670447
880,2013-06-26,0.45925925925925926,0.3153149630317908
881,2013-06-27,0.5407407407407407,0.45464939918755826
882,2013-06-28,0.5407407407407407,0.41861003903973204
883,2013-06-29,0.21481481481481482,0.14232669498371764
884,2013-06-30,0.07407407407407407,0.11647649294574391
885,2013-07-01,0.2814814814814815,0.31531602535119013
886,2013-07-02,0.21481481481481482,0.2096286252787703
887,2013-07-03,0.2074074074074074,0.09247823990470286
888,2013-07-04,0.08888888888888889,0.06313541243741294
889,2013-07-05,0.37037037037037035,0.22776384144002756
890,2013-07-06,0.6592592592592592,0.5203291854650829
891,2013-07-07,0.007407407407407408,0.0013031117965712983
892,2013-07-08,0.4740740740740741,0.32065790958002666
893,2013-07-09,0.14814814814814814,0.06151934640444846
894,2013-07-10,0.31851851851851853,0.19280238289370347
895,2013-07-11,0.35555555555555557,0.20971605669467105
896,2013-07-12,0.32592592592592595,0.18748108692069312
897,2013-07-13,0.1259259259259259,0.05133822904071647
898,2013-07-14,0.06666666666666667,0.061741586657996776
899,2013-07-15,0.2962962962962963,0.2776912592258646
900,2013-07-16,0.23703703703703705,0.27130568311538417
901,2013-07-17,0.2518518518518518,0.1434094984304484
902,2013-07-18,0.25925925925925924,0.12364219140102022
903,2013-07-19,0.2740740740740741,0.20053807742244484
904,2013-07-20,0.21481481481481482,0.19861599005183408
905,2013-07-21,0.007407407407407408,0.002275134047002878
906,2013-07-22,0.45925925925925926,0.3722277055327516
907,2013-07-23,0.35555555555555557,0.22008419842386204
908,2013-07-24,0.2,0.1136965295441648
909,2013-07-25,0.25925925925925924,0.3922213457806139
910,2013-07-26,0.21481481481481482,0.28573231443075914
911,2013-07-27,0.08148148148148149,0.02472472522097002
912,2013-07-28,0.022222222222222223,0.018128556430355908
913,2013-07-29,0.3111111111111111,0.18391976483688385
914,2013-07-30,0.2,0.14570132960907758
915,2013-07-31,0.17777777777777778,0.16753972037527595
916,2013-08-01,0.22962962962962963,0.16818977132107915
917,2013-08-02,0.1925925925925926,0.23607701684120241
918,2013-08-03,0.1925925925925926,0.2475297027033398
919,2013-08-04,0.24444444444444444,0.18783971836192775
920,2013-08-05,0.31851851851851853,0.29246941759502415
921,2013-08-06,0.23703703703703705,0.22172875434551864
922,2013-08-07,0.362962962962963,0.4258099401327371
923,2013-08-08,0.2740740740740741,0.164620223344054
924,2013-08-09,0.014814814814814815,0.026765653251056523
925,2013-08-10,0.2222222222222222,0.25044273931501443
926,2013-08-11,0.5037037037037037,0.34660542412191453
927,2013-08-12,0.02962962962962963,0.009704540646515446
928,2013-08-13,0.45185185185185184,0.38736914121998556
929,2013-08-14,0.4740740740740741,0.23623808216747158
930,2013-08-15,0.4666666666666667,0.4767026779453285
931,2013-08-16,0.6814814814814815,0.4856116101595369
932,2013-08-17,0.17777777777777778,0.08105838477067003
933,2013-08-18,0.014814814814814815,0.0006088607757582354
934,2013-08-19,0.45925925925925926,0.3529570085409468
935,2013-08-20,0.362962962962963,0.27957054574787443
936,2013-08-21,0.3851851851851852,0.37040814463084043
937,2013-08-22,0.4888888888888889,0.52900170406149
938,2013-08-23,0.3851851851851852,0.2614933828124613
939,2013-08-24,0.4222222222222222,0.3954026989792527
940,2013-08-25,0.044444444444444446,0.009496528390789467
941,2013-08-26,0.2,0.2338975648907687
942,2013-08-27,0.562962962962963,0.5400495045898772
943,2013-08-28,0.45185185185185184,0.30219572820123114
944,2013-08-29,0.45185185185185184,0.22808534835931854
945,2013-08-30,0.362962962962963,0.20566080262985761
946,2013-08-31,0.23703703703703705,0.23832373131493992
947,2013-09-01,0.18518518518518517,0.11509517420672308
948,2013-09-02,0.07407407407407407,0.12962403605896497
949,2013-09-03,0.14074074074074075,0.06131263827225182
950,2013-09-04,0.3111111111111111,0.25542696791886466
951,2013-09-05,0.3111111111111111,0.15772708114187803
952,2013-09-06,0.037037037037037035,0.011373646769491765
953,2013-09-07,0.31851851851851853,0.1493427708102553
954,2013-09-08,0.4222222222222222,0.23004880194147465
955,2013-09-09,0.5259259259259259,0.3913393677459392
956,2013-09-10,0.2814814814814815,0.3669695432016465
957,2013-09-11,0.362962962962963,0.2588303762239563
958,2013-09-12,0.48148148148148145,0.32583066294902086
959,2013-09-13,0.5555555555555556,0.32761285145446195
960,2013-09-14,0.2814814814814815,0.5247798140698235
961,2013-09-15,0.06666666666666667,0.046563179220465975
962,2013-09-16,0.4666666666666667,0.5265140884292879
963,2013-09-17,0.42962962962962964,0.40940925379346654
964,2013-09-18,0.37037037037037035,0.15496485442733748
965,2013-09-19,0.6296296296296297,0.542925663542402
966,2013-09-20,0.8074074074074075,0.6033282942296933
967,2013-09-21,0.4740740740740741,0.3639864041328068
968,2013-09-22,0.022222222222222223,0.004163533245993816
969,2013-09-23,0.37777777777777777,0.11717656142993452
970,2013-09-24,0.5333333333333333,0.35606113415444884
971,2013-09-25,0.7037037037037037,0.4625111429716999
972,2013-09-26,0.6148148148148148,0.43918043980630184
973,2013-09-27,0.5777777777777777,0.3031194680349609
974,2013-09-28,0.2,0.17796055011147774
975,2013-09-29,0.02962962962962963,0.025240658342601644
976,2013-09-30,0.45925925925925926,0.42989799356193953
977,2013-10-01,0.23703703703703705,0.19268306014356684
978,2013-10-02,0.05185185185185185,0.025235624972114113
979,2013-10-03,0.037037037037037035,0.016076433577265473
980,2013-10-04,0.2962962962962963,0.16343189060578817
981,2013-10-05,0.2814814814814815,0.20629357469769674
982,2013-10-06,0.48148148148148145,0.554535676884122
983,2013-10-07,0.2074074074074074,0.25740646555914976
984,2013-10-08,0.15555555555555556,0.12166966662292607
985,2013-10-09,0.5037037037037037,0.408615487726518
986,2013-10-10,0.25925925925925924,0.1364559891696031
987,2013-10-11,0.007407407407407408,0.012140034336186453
988,2013-10-12,0.562962962962963,0.4112058938896703
989,2013-10-13,0.022222222222222223,0.02923907680194916
990,2013-10-14,0.4074074074074074,0.23110351311048843
991,2013-10-15,0.5333333333333333,0.4483984750961475
992,2013-10-16,0.3851851851851852,0.3548133191178134
993,2013-10-17,0.21481481481481482,0.35682578659945785
994,2013-10-18,0.3925925925925926,0.32728141690745066
995,2013-10-19,0.06666666666666667,0.02434653951479118
996,2013-10-20,0.014814814814814815,0.010425602585503305
997,2013-10-21,0.3037037037037037,0.26231578749281786
998,2013-10-22,0.4666666666666667,0.37781831869642685
999,2013-10-23,0.4148148148148148,0.3941540108172443
1000,2013-10-24,0.15555555555555556,0.09431539129826862
1001,2013-10-25,0.26666666666666666,0.18672288427203745
1002,2013-10-26,0.06666666666666667,0.05994217441402714
1003,2013-10-27,0.014814814814814815,0.040223054698421176
1004,2013-10-28,0.2222222222222222,0.2172432042669222
1005,2013-10-29,0.4740740740740741,0.32413662671907295
1006,2013-10-30,0.4148148148148148,0.3526499557417504
1007,2013-10-31,0.37037037037037035,0.23457384349080984
1008,2013-11-01,0.1925925925925926,0.12501391132546805
1009,2013-11-02,0.1925925925925926,0.2231213114120521
1010,2013-11-03,0.3333333333333333,0.46798248650120855
1011,2013-11-04,0.21481481481481482,0.08817746763896885
1012,2013-11-05,0.13333333333333333,0.16280960413628723
1013,2013-11-06,0.5333333333333333,0.6053183978645155
1014,2013-11-07,0.2222222222222222,0.278293405131286
1015,2013-11-08,0.06666666666666667,0.02386439826738741
1016,2013-11-09,0.37777777777777777,0.3237757350668497
1017,2013-11-10,0.34074074074074073,0.2968953791433111
1018,2013-11-11,0.7555555555555555,0.4969762621189141
1019,2013-11-12,0.5259259259259259,0.457836474746695
1020,2013-11-13,0.6,0.49941099903248004
1021,2013-11-14,0.32592592592592595,0.2545240262755092
1022,2013-11-15,0.6074074074074074,0.512540693156326
1023,2013-11-16,0.2,0.19554252297619806
1024,2013-11-17,0.0962962962962963,0.09460450000521042
1025,2013-11-18,0.562962962962963,0.31563998976935825
1026,2013-11-19,0.5481481481481482,0.620276610266275
1027,2013-11-20,0.3851851851851852,0.1337072099010596
1028,2013-11-21,0.43703703703703706,0.24764873306270832
1029,2013-11-22,0.5037037037037037,0.38530126872299997
1030,2013-11-23,0.26666666666666666,0.17231068532450264
1031,2013-11-24,0.1037037037037037,0.08530540215719637
1032,2013-11-25,0.4962962962962963,0.40987560745699647
1033,2013-11-26,0.5259259259259259,0.5286867541822249
1034,2013-11-27,0.26666666666666666,0.36216423498383704
1035,2013-11-28,0.6592592592592592,0.7569114186486429
1036,2013-11-29,0.34814814814814815,0.3840108223030011
1037,2013-11-30,0.2222222222222222,0.17980669176236053
1038,2013-12-01,0.0962962962962963,0.19080489715078852
1039,2013-12-02,0.2222222222222222,0.1652391286026665
1040,2013-12-03,0.1925925925925926,0.13113316193905866
1041,2013-12-04,0.22962962962962963,0.21381035959714007
1042,2013-12-05,0.05925925925925926,0.011048981726386384
1043,2013-12-06,0.42962962962962964,0.38633359631640246
1044,2013-12-07,0.2740740740740741,0.26561037179863717
1045,2013-12-08,0.5037037037037037,0.45804316315010263
1046,2013-12-09,0.5407407407407407,0.4309589643215477
1047,2013-12-10,0.16296296296296298,0.1157187091544514
1048,2013-12-11,0.4074074074074074,0.22591608354605852
1049,2013-12-12,0.5925925925925926,0.45531026758004534
1050,2013-12-13,0.3333333333333333,0.23851750343205036
1051,2013-12-14,0.11851851851851852,0.11574844802723745
1052,2013-12-15,0.07407407407407407,0.03504030186868052
1053,2013-12-16,0.4,0.5822181289762992
1054,2013-12-17,0.3851851851851852,0.3397869199748726
1055,2013-12-18,0.5777777777777777,0.8583131652838466
1056,2013-12-19,0.5555555555555556,0.38322421121014055
1057,2013-12-20,0.6518518518518519,0.5622035428250794
1058,2013-12-21,0.16296296296296298,0.08855795503717966
1059,2013-12-22,0.06666666666666667,0.059015383700155584
1060,2013-12-23,0.45925925925925926,0.3879272028937984
1061,2013-12-24,0.5111111111111111,0.40043092480569414
1062,2013-12-25,0.4666666666666667,0.28684363963576404
1063,2013-12-26,0.6296296296296297,0.9215657146227659
1064,2013-12-27,0.4222222222222222,0.2599725865949657
1065,2013-12-28,0.2074074074074074,0.08986808067111873
1066,2013-12-29,0.02962962962962963,0.010789118166643108
1067,2013-12-30,0.37777777777777777,0.3615017270784101
1068,2013-12-31,0.42962962962962964,0.3585763245630604
1069,2014-01-01,0.17777777777777778,0.091410927604147
1070,2014-01-02,0.05185185185185185,0.021916559768669328
1071,2014-01-03,0.1037037037037037,0.07368759999081345
1072,2014-01-04,0.31851851851851853,0.3062965618386746
1073,2014-01-05,0.37777777777777777,0.2548375344355892
1074,2014-01-06,0.07407407407407407,0.05159442506919998
1075,2014-01-07,0.2740740740740741,0.2138865026047566
1076,2014-01-08,0.4222222222222222,0.3316091569099374
1077,2014-01-09,0.5037037037037037,0.42410175583185517
1078,2014-01-10,0.2740740740740741,0.18787298413511977
1079,2014-01-11,0.14814814814814814,0.13128183606833363
1080,2014-01-12,0.5481481481481482,0.44442387029666924
1081,2014-01-13,0.22962962962962963,0.13552876138717868
1082,2014-01-14,0.3037037037037037,0.43751877396605215
1083,2014-01-15,0.32592592592592595,0.1518000875755878
1084,2014-01-16,0.34074074074074073,0.28680568296362424
1085,2014-01-17,0.2222222222222222,0.3647139027156221
1086,2014-01-18,0.14074074074074075,0.24511651772105572
1087,2014-01-19,0.007407407407407408,0.004907915625129944
1088,2014-01-20,0.3333333333333333,0.29395583513329027
1089,2014-01-21,0.2814814814814815,0.22157484399333746
1090,2014-01-22,0.4444444444444444,0.32744981476690727
1091,2014-01-23,0.14814814814814814,0.16975315137049823
1092,2014-01-24,0.2962962962962963,0.23592252271921793
1093,2014-01-25,0.14814814814814814,0.17956463216988447
1094,2014-01-26,0.08148148148148149,0.05243718581271429
1095,2014-01-27,0.17037037037037037,0.13227885823529725
1096,2014-01-28,0.3111111111111111,0.2164451444061345
1097,2014-01-29,0.32592592592592595,0.28990612941093985
1098,2014-01-30,0.24444444444444444,0.19208085404004618
1099,2014-01-31,0.3333333333333333,0.3146451150051806
1100,2014-02-01,0.24444444444444444,0.1054609019415455
1101,2014-02-03,0.08888888888888889,0.0155061451130323
1102,2014-02-04,0.4444444444444444,0.3777021034834668
1103,2014-02-05,0.31851851851851853,0.25534999731384955
1104,2014-02-06,0.43703703703703706,0.39806663180910046
1105,2014-02-07,0.2962962962962963,0.278409127124525
1106,2014-02-08,0.4444444444444444,0.49157203845839037
1107,2014-02-09,0.45925925925925926,0.4209304602685967
1108,2014-02-10,0.5703703703703704,0.544622890777479
1109,2014-02-11,0.05925925925925926,0.0983669823846197
1110,2014-02-12,0.6962962962962963,0.43527667299370604
1111,2014-02-13,0.26666666666666666,0.2431471976064831
1112,2014-02-14,0.31851851851851853,0.2904470472731121
1113,2014-02-15,0.1037037037037037,0.06592453202048192
1114,2014-02-16,0.02962962962962963,0.010430458902757608
1115,2014-02-17,0.3851851851851852,0.2657495933087232
1116,2014-02-18,0.3037037037037037,0.25194393068092746
1117,2014-02-19,0.2,0.17070601140243052
1118,2014-02-20,0.15555555555555556,0.17477276229247712
1119,2014-02-21,0.2814814814814815,0.20291124837401897
1120,2014-02-22,0.1259259259259259,0.0679110440040012
1121,2014-02-23,0.037037037037037035,0.01906385278155182
1122,2014-02-24,0.2962962962962963,0.20397471356074995
1123,2014-02-25,0.17037037037037037,0.17046773821981373
1124,2014-02-26,0.15555555555555556,0.11569414023607567
1125,2014-02-27,0.22962962962962963,0.25408603451647715
1126,2014-02-28,0.4074074074074074,0.24710493580909734
1127,2014-03-01,0.35555555555555557,0.2865131571292811
1128,2014-03-02,0.2074074074074074,0.11384751801213128
1129,2014-03-03,0.24444444444444444,0.11897073795686439
1130,2014-03-04,0.22962962962962963,0.2323003600858071
1131,2014-03-05,0.13333333333333333,0.07477633370912459
1132,2014-03-06,0.5259259259259259,0.4476394018514506
1133,2014-03-07,0.32592592592592595,0.2211244660959752
1134,2014-03-08,0.06666666666666667,0.03999029293002158
1135,2014-03-09,0.9333333333333333,0.7042718534023509
1136,2014-03-10,0.6074074074074074,0.5625380398871596
1137,2014-03-11,0.5703703703703704,0.4510923273930792
1138,2014-03-12,0.7481481481481481,0.6572932759330123
1139,2014-03-13,0.23703703703703705,0.15845290581283974
1140,2014-03-14,0.4148148148148148,0.35640733645871064
1141,2014-03-15,0.2,0.2282164350321371
1142,2014-03-16,0.014814814814814815,0.0017407873891153538
1143,2014-03-17,0.43703703703703706,0.5184467828061684
1144,2014-03-18,0.45925925925925926,0.2828312815224311
1145,2014-03-19,0.35555555555555557,0.31957352327739086
1146,2014-03-20,0.3925925925925926,0.240820573949925
1147,2014-03-21,0.2962962962962963,0.22896822582441795
1148,2014-03-22,0.24444444444444444,0.22741094146488575
1149,2014-03-23,0.007407407407407408,0.006081778561443491
1150,2014-03-24,0.2740740740740741,0.6036059496159106
1151,2014-03-25,0.2740740740740741,0.20256214745539597
1152,2014-03-26,0.2740740740740741,0.4458751240510831
1153,2014-03-27,0.3333333333333333,0.3845468403434103
1154,2014-03-28,0.35555555555555557,0.2772370428144058
1155,2014-03-29,0.07407407407407407,0.04380150288854762
1156,2014-03-30,0.022222222222222223,0.006370375331608059
1157,2014-03-31,0.4222222222222222,0.35171007624114564
1158,2014-04-01,0.11851851851851852,0.11901198883087499
1159,2014-04-02,0.23703703703703705,0.20717257065005748
1160,2014-04-03,0.34814814814814815,0.3017342768887962
1161,2014-04-04,0.18518518518518517,0.07100384529270592
1162,2014-04-05,0.11851851851851852,0.07024961369513841
1163,2014-04-06,0.5555555555555556,0.4437301210953059
1164,2014-04-07,0.43703703703703706,0.4373689793427439
1165,2014-04-08,0.5259259259259259,0.5444950229324407
1166,2014-04-09,0.5703703703703704,0.4932970934030673
1167,2014-04-10,0.2222222222222222,0.22136880815756074
1168,2014-04-11,0.7407407407407407,0.5011862060760015
1169,2014-04-12,0.7111111111111111,0.5998945364710943
1170,2014-04-13,0.05185185185185185,0.047806194091015275
1171,2014-04-14,0.2074074074074074,0.31529556305609246
1172,2014-04-15,0.37037037037037035,0.29400528761893036
1173,2014-04-16,0.37037037037037035,0.38563996447603927
1174,2014-04-17,0.48148148148148145,0.29130498906671
1175,2014-04-18,0.3111111111111111,0.2205875020854341
1176,2014-04-19,0.11851851851851852,0.047573318502680026
1177,2014-04-20,0.02962962962962963,0.02716449348155757
1178,2014-04-21,0.4222222222222222,0.3451177823870074
1179,2014-04-22,0.26666666666666666,0.18323889145250727
1180,2014-04-23,0.26666666666666666,0.1968875184856222
1181,2014-04-24,0.34074074074074073,0.26897123117658545
1182,2014-04-25,0.3037037037037037,0.1484902974322323
1183,2014-04-26,0.2074074074074074,0.1422614255739535
1184,2014-04-27,0.05925925925925926,0.027426142749624568
1185,2014-04-28,0.3333333333333333,0.32929457034390713
1186,2014-04-29,0.15555555555555556,0.11460459004942619
1187,2014-04-30,0.31851851851851853,0.24575189955355267
1188,2014-05-01,0.014814814814814815,0.010791647498546391
1189,2014-05-02,0.17037037037037037,0.15992877097840524
1190,2014-05-03,0.25925925925925924,0.1715703245830927
1191,2014-05-04,0.13333333333333333,0.04471392396201024
1192,2014-05-05,0.32592592592592595,0.19052804659798278
1193,2014-05-06,0.5111111111111111,0.2830627963302024
1194,2014-05-07,0.2074074074074074,0.2606146195586355
1195,2014-05-08,0.4222222222222222,0.3389406783647929
1196,2014-05-09,0.6814814814814815,0.4968938180396607
1197,2014-05-10,0.07407407407407407,0.04050277351360522
1198,2014-05-11,0.562962962962963,0.6198569855037914
1199,2014-05-12,0.5777777777777777,0.43163921549027595
1200,2014-05-13,0.4,0.19521475191351542
1201,2014-05-14,0.2518518518518518,0.1240463255231948
1202,2014-05-15,0.4,0.36334115841175346
1203,2014-05-16,0.4148148148148148,0.5359377118631634
1204,2014-05-17,0.07407407407407407,0.16475029727237855
1205,2014-05-18,0.014814814814814815,0.00406554692806064
1206,2014-05-19,0.4962962962962963,0.42537106563687105
1207,2014-05-20,0.4074074074074074,0.3086984037791051
1208,2014-05-21,0.362962962962963,0.2227923763508277
1209,2014-05-22,0.2518518518518518,0.21034579204662715
1210,2014-05-23,0.2962962962962963,0.2112507313563198
1211,2014-05-24,0.1925925925925926,0.20393440865687107
1212,2014-05-25,0.037037037037037035,0.0306698895076534
1213,2014-05-26,0.37777777777777777,0.26179767914574953
1214,2014-05-27,0.4,0.3431887196248737
1215,2014-05-28,0.31851851851851853,0.3069321576526504
1216,2014-05-29,0.4740740740740741,0.4202297280877147
1217,2014-05-30,0.31851851851851853,0.1638296204595836
1218,2014-05-31,0.2222222222222222,0.16393423615643532
1219,2014-06-01,0.2814814814814815,0.2741960822065244
1220,2014-06-02,0.2074074074074074,0.17927509448825188
1221,2014-06-03,0.37037037037037035,0.18240709536279365
1222,2014-06-04,0.05925925925925926,0.02912644565229598
1223,2014-06-05,0.2222222222222222,0.08401928898861427
1224,2014-06-06,0.4444444444444444,0.3597232617495308
1225,2014-06-07,0.07407407407407407,0.016498326138733043
1226,2014-06-08,0.4888888888888889,0.5020073476080057
1227,2014-06-09,0.4148148148148148,0.3265416505590379
1228,2014-06-10,0.5259259259259259,0.564887865105266
1229,2014-06-11,0.6814814814814815,0.4736579187867948
1230,2014-06-12,0.2962962962962963,0.13363745345649897
1231,2014-06-13,0.4888888888888889,0.31858553588398575
1232,2014-06-14,0.2962962962962963,0.18808808863750254
1233,2014-06-15,0.044444444444444446,0.03496882294909375
1234,2014-06-16,0.4740740740740741,0.45498124601566997
1235,2014-06-17,0.5555555555555556,0.5052112978578683
1236,2014-06-18,1.0,0.8143785041996521
1237,2014-06-19,0.37777777777777777,0.3168308427339325
1238,2014-06-20,0.4,0.3040932532297292
1239,2014-06-21,0.26666666666666666,0.1575425031462359
1240,2014-06-22,0.07407407407407407,0.03082246133739132
1241,2014-06-23,0.6370370370370371,0.42243102132499943
1242,2014-06-24,0.5925925925925926,0.6947755445575708
1243,2014-06-25,0.5703703703703704,0.33466690671712646
1244,2014-06-26,0.5407407407407407,0.5397589303880307
1245,2014-06-27,0.5111111111111111,0.4525701016983652
1246,2014-06-28,0.21481481481481482,0.1754994393482903
1247,2014-06-29,0.05185185185185185,0.061660811937799063
1248,2014-06-30,0.7333333333333333,0.4908716760658325
1249,2014-07-01,0.08148148148148149,0.15684820912678052
1250,2014-07-02,0.37777777777777777,0.2785581300669473
1251,2014-07-03,0.24444444444444444,0.12101752897830267
1252,2014-07-04,0.3333333333333333,0.28022845785723294
1253,2014-07-05,0.5407407407407407,0.3727386938105123
1254,2014-07-06,0.1259259259259259,0.1144715208862617
1255,2014-07-07,0.3037037037037037,0.19662002039046203
1256,2014-07-08,0.5481481481481482,0.5871679799126528
1257,2014-07-09,0.02962962962962963,0.01594389658553345
1258,2014-07-10,0.5555555555555556,0.46721048887635236
1259,2014-07-11,0.6444444444444445,0.6049380005105203
1260,2014-07-12,0.05185185185185185,0.1110207220068974
1261,2014-07-13,0.022222222222222223,0.0054008318264416955
1262,2014-07-14,0.2814814814814815,0.23948557739538098
1263,2014-07-15,0.2074074074074074,0.18763202480202162
1264,2014-07-16,0.3925925925925926,0.240067313109942
1265,2014-07-17,0.24444444444444444,0.29851003127974174
1266,2014-07-18,0.18518518518518517,0.1653167032121403
1267,2014-07-19,0.17777777777777778,0.19818356130539022
1268,2014-07-21,0.37037037037037035,0.31342124565953994
1269,2014-07-22,0.4148148148148148,0.32180978958690243
1270,2014-07-23,0.2,0.10410434182079317
1271,2014-07-24,0.37037037037037035,0.1974942060594091
1272,2014-07-25,0.15555555555555556,0.1603707312591935
1273,2014-07-26,0.23703703703703705,0.16894823449092086
1274,2014-07-27,0.08888888888888889,0.09876111552844874
1275,2014-07-28,0.34814814814814815,0.22690508570742332
1276,2014-07-29,0.26666666666666666,0.2823852697578002
1277,2014-07-30,0.3333333333333333,0.3287901922221424
1278,2014-07-31,0.28888888888888886,0.20419427980461005
1279,2014-08-01,0.26666666666666666,0.3392479314870762
1280,2014-08-02,0.037037037037037035,0.05894658587238629
1281,2014-08-03,0.14074074074074075,0.08036714365482185
1282,2014-08-04,0.2518518518518518,0.19127747499426598
1283,2014-08-05,0.6666666666666666,0.5632159337185539
1284,2014-08-06,0.1111111111111111,0.07200173249118046
1285,2014-08-07,0.24444444444444444,0.12135519478739092
1286,2014-08-08,0.6074074074074074,0.4536497905257903
1287,2014-08-09,0.6296296296296297,0.6998385932139238
1288,2014-08-10,0.37777777777777777,0.2623509704995926
1289,2014-08-11,0.35555555555555557,0.4497925452090254
1290,2014-08-12,0.42962962962962964,0.470958074502584
1291,2014-08-13,0.562962962962963,0.5687922505924452
1292,2014-08-14,0.5111111111111111,0.4756895363461454
1293,2014-08-15,0.3851851851851852,0.32105777924861245
1294,2014-08-16,0.34074074074074073,0.40169852984100707
1295,2014-08-17,0.02962962962962963,0.01556105690865257
1296,2014-08-18,0.562962962962963,0.509756778938314
1297,2014-08-19,0.5555555555555556,0.44537802635826884
1298,2014-08-20,0.5851851851851851,0.6382681871863439
1299,2014-08-21,0.3925925925925926,0.30454290015017144
1300,2014-08-22,0.6888888888888889,0.7127064554519396
1301,2014-08-23,0.1925925925925926,0.23860342989546876
1302,2014-08-24,0.05185185185185185,0.13900712391389222
1303,2014-08-25,0.4,0.2852251631494958
1304,2014-08-26,0.5703703703703704,0.4594366666926344
1305,2014-08-27,0.362962962962963,0.226799982861247
1306,2014-08-28,0.6370370370370371,0.5579309731159333
1307,2014-08-29,0.48148148148148145,0.7188092087511242
1308,2014-08-30,0.16296296296296298,0.1512474538480395
1309,2014-08-31,0.02962962962962963,0.011690824990163426
1310,2014-09-01,0.3111111111111111,0.24641634138615276
1311,2014-09-02,0.007407407407407408,0.003234762571108372
1312,2014-09-03,0.037037037037037035,0.022320342313709392
1313,2014-09-04,0.3925925925925926,0.40533091603397114
1314,2014-09-05,0.4074074074074074,0.3769862716969884
1315,2014-09-06,0.6222222222222222,0.5059238334190103
1316,2014-09-07,0.45185185185185184,0.38378214742909084
1317,2014-09-08,0.2814814814814815,0.20791994775816713
1318,2014-09-09,0.5111111111111111,0.25950739895344344
1319,2014-09-10,0.362962962962963,0.3399646621981128
1320,2014-09-11,0.05185185185185185,0.03322277454961957
1321,2014-09-12,0.7111111111111111,0.5212599654412323
1322,2014-09-13,0.2074074074074074,0.22511846884768594
1323,2014-09-14,0.037037037037037035,0.015286523223870254
1324,2014-09-15,0.5555555555555556,0.409751496681567
1325,2014-09-16,0.6592592592592592,0.5797961545656514
1326,2014-09-17,0.6888888888888889,0.580377979818562
1327,2014-09-18,0.6518518518518519,0.7547037095080519
1328,2014-09-19,0.562962962962963,0.43382992094421363
1329,2014-09-20,0.3111111111111111,0.15210979667914903
1330,2014-09-21,0.1259259259259259,0.20741778684874884
1331,2014-09-22,0.3925925925925926,0.2692481803733354
1332,2014-09-23,0.7037037037037037,0.6039157593868818
1333,2014-09-24,0.4666666666666667,0.34473636975918637
1334,2014-09-25,0.7703703703703704,0.543616530822995
1335,2014-09-26,0.7407407407407407,0.6776349057110596
1336,2014-09-27,0.34814814814814815,0.20596022544643464
1337,2014-09-28,0.0962962962962963,0.15165777066911854
1338,2014-09-29,0.562962962962963,0.45355720686080264
1339,2014-09-30,0.5185185185185185,0.3402517985320364
1340,2014-10-01,0.16296296296296298,0.10628556430355907
1341,2014-10-02,0.32592592592592595,0.30102203473015515
1342,2014-10-03,0.26666666666666666,0.13563382477577723
1343,2014-10-04,0.32592592592592595,0.21526095269006082
1344,2014-10-05,0.26666666666666666,0.20773516134557618
1345,2014-10-06,0.5111111111111111,0.4635382803760367
1346,2014-10-07,0.37777777777777777,0.2477001543803021
1347,2014-10-09,0.5259259259259259,0.2272069129069075
1348,2014-10-10,0.4,0.2974496331608766
1349,2014-10-11,0.6222222222222222,0.49533204057493513
1350,2014-10-12,0.8444444444444444,0.6462107623477173
1351,2014-10-13,0.6,0.7649247579404074
1352,2014-10-14,0.4444444444444444,0.4359971369986319
1353,2014-10-15,0.26666666666666666,0.21361809243251212
1354,2014-10-16,0.42962962962962964,0.24314458177142872
1355,2014-10-17,0.5925925925925926,0.7570211466311375
1356,2014-10-18,0.17777777777777778,0.12385197165974658
1357,2014-10-19,0.08888888888888889,0.06590729715289294
1358,2014-10-20,0.4666666666666667,0.37768100329086307
1359,2014-10-21,0.5333333333333333,0.28489818781463
1360,2014-10-22,0.7333333333333333,0.40639677902734633
1361,2014-10-23,0.4,0.6265259838772289
1362,2014-10-24,0.5333333333333333,0.4963737368137074
1363,2014-10-25,0.18518518518518517,0.16983740847486037
1364,2014-10-27,0.4,0.2795996285119646
1365,2014-10-28,0.4962962962962963,0.5622809231818632
1366,2014-10-29,0.5407407407407407,0.38262374528696924
1367,2014-10-30,0.42962962962962964,0.2642851288537786
1368,2014-10-31,0.5333333333333333,0.48742348998632423
1369,2014-11-01,0.08148148148148149,0.11201285446942556
1370,2014-11-02,0.3037037037037037,0.31339659124974595
1371,2014-11-03,0.35555555555555557,0.31837555580803895
1372,2014-11-04,0.34814814814814815,0.22554897580774966
1373,2014-11-05,0.05185185185185185,0.02044514622725359
1374,2014-11-06,0.6962962962962963,0.43364590041332307
1375,2014-11-07,0.32592592592592595,0.21306482232505694
1376,2014-11-08,0.4962962962962963,0.511289139261271
1377,2014-11-09,0.6222222222222222,0.5693957087152585
1378,2014-11-10,0.14814814814814814,0.16631416801218693
1379,2014-11-11,0.48148148148148145,0.5486490560078054
1380,2014-11-12,0.6296296296296297,0.48580562155144563
1381,2014-11-13,0.8444444444444444,0.5056359438500456
1382,2014-11-14,0.674074074074074,0.5915648430149918
1383,2014-11-15,0.21481481481481482,0.14711570671607427
1384,2014-11-16,0.08148148148148149,0.1286495603565872
1385,2014-11-17,0.7037037037037037,0.5652853131914877
1386,2014-11-18,0.9407407407407408,1.0
1387,2014-11-19,0.7111111111111111,0.5857951455645682
1388,2014-11-20,0.8740740740740741,0.7944137605570517
1389,2014-11-21,0.7185185185185186,0.6650178322957844
1390,2014-11-22,0.4074074074074074,0.430651036879379
1391,2014-11-23,0.0962962962962963,0.07956519368156702
1392,2014-11-24,0.5777777777777777,0.40622198701683804
1393,2014-11-25,0.762962962962963,0.6348453106135926
1394,2014-11-26,0.7037037037037037,0.7202879947891716
1395,2014-11-27,0.7111111111111111,0.6599511150964387
1396,2014-11-28,0.762962962962963,0.6182563438426398
1397,2014-11-29,0.3111111111111111,0.36707589402018376
1398,2014-11-30,0.1259259259259259,0.054877877279446555
1399,2014-12-01,0.014814814814814815,0.001881215896385615
1400,2014-12-02,0.2074074074074074,0.283516343986306
1401,2014-12-03,0.362962962962963,0.2284415733941803
1402,2014-12-04,0.14814814814814814,0.1302944607732491
1403,2014-12-05,0.37037037037037035,0.16340704750783414
1404,2014-12-06,0.5037037037037037,0.29207639634549987
1405,2014-12-07,0.14814814814814814,0.21132041697958714
1406,2014-12-08,0.6,0.3585901559616402
1407,2014-12-09,0.6666666666666666,0.5831639433012817
1408,2014-12-10,0.07407407407407407,0.09569694374755727
1409,2014-12-11,0.762962962962963,0.6822620503189338
1410,2014-12-12,0.6296296296296297,0.3056322985769068
1411,2014-12-13,0.37037037037037035,0.42042909660459443
1412,2014-12-14,0.07407407407407407,0.03311563205019651
1413,2014-12-15,0.6074074074074074,0.5406248643645767
1414,2014-12-16,0.5037037037037037,0.29259849951937633
1415,2014-12-17,0.562962962962963,0.41554866571165844
1416,2014-12-18,0.5111111111111111,0.40781859995813446
1417,2014-12-19,0.7481481481481481,0.6513836533123675
1418,2014-12-20,0.21481481481481482,0.19744622969186768
1419,2014-12-21,0.044444444444444446,0.010003406504207338
1420,2014-12-22,0.34074074074074073,0.2619339443727069
1421,2014-12-23,0.7333333333333333,0.7106420400457992
1422,2014-12-24,0.562962962962963,0.518005016272204
1423,2014-12-25,0.5851851851851851,0.5742012238324173
1424,2014-12-26,0.8148148148148148,0.6720774910403474
1425,2014-12-27,0.4,0.33946830610541257
1426,2014-12-28,0.0962962962962963,0.04166249748457942
1427,2014-12-29,0.8592592592592593,0.6350972517999481
1428,2014-12-30,0.5851851851851851,0.42572740297406925
1429,2014-12-31,0.45925925925925926,0.33533766783255387
